{
    "$schema": "./node_modules/@angular/cli/lib/config/schema.json",
    "project": {
        "version": "1.0.0",
        "name": "NiceFish"
    },
    "apps": [{
        "root": "src",
        "outDir": "dist",
        "assets": [
            "assets",
            "mock-data",
            "favicon.ico"
        ],
        "index": "index.html",
        "main": "main.ts",
        "polyfills": "polyfills.ts",
        "test": "test.ts",
        "tsconfig": "tsconfig.json",
        "prefix": "app",
        "styles": [
            "styles.scss"
        ],
        "scripts": [
            "../node_modules/tinymce/tinymce.js",
            "../node_modules/tinymce/themes/modern/theme.js",
            "../node_modules/tinymce/plugins/advlist/plugin.js",
            "../node_modules/tinymce/plugins/autolink/plugin.js",
            "../node_modules/tinymce/plugins/lists/plugin.js",
            "../node_modules/tinymce/plugins/link/plugin.js",
            "../node_modules/tinymce/plugins/image/plugin.js",
            "../node_modules/tinymce/plugins/charmap/plugin.js",
            "../node_modules/tinymce/plugins/print/plugin.js",
            "../node_modules/tinymce/plugins/preview/plugin.js",
            "../node_modules/tinymce/plugins/hr/plugin.js",
            "../node_modules/tinymce/plugins/anchor/plugin.js",
            "../node_modules/tinymce/plugins/pagebreak/plugin.js",
            "../node_modules/tinymce/plugins/searchreplace/plugin.js",
            "../node_modules/tinymce/plugins/wordcount/plugin.js",
            "../node_modules/tinymce/plugins/visualblocks/plugin.js",
            "../node_modules/tinymce/plugins/visualchars/plugin.js",
            "../node_modules/tinymce/plugins/code/plugin.js",
            "../node_modules/tinymce/plugins/codesample/plugin.js",
            "../node_modules/tinymce/plugins/fullscreen/plugin.js",
            "../node_modules/tinymce/plugins/insertdatetime/plugin.js",
            "../node_modules/tinymce/plugins/media/plugin.js",
            "../node_modules/tinymce/plugins/nonbreaking/plugin.js",
            "../node_modules/tinymce/plugins/save/plugin.js",
            "../node_modules/tinymce/plugins/table/plugin.js",
            "../node_modules/tinymce/plugins/contextmenu/plugin.js",
            "../node_modules/tinymce/plugins/directionality/plugin.js",
            "../node_modules/tinymce/plugins/emoticons/plugin.js",
            "../node_modules/tinymce/plugins/template/plugin.js",
            "../node_modules/tinymce/plugins/paste/plugin.js",
            "../node_modules/tinymce/plugins/textcolor/plugin.js",
            "../node_modules/tinymce/plugins/colorpicker/plugin.js",
            "../node_modules/tinymce/plugins/textpattern/plugin.js",
            "../node_modules/tinymce/plugins/imagetools/plugin.js",

            "../node_modules/jquery/dist/jquery.min.js",
            "../node_modules/jquery-ui-dist/jquery-ui.min.js"
        ],
        "environmentSource": "environments/environment.ts",
        "environments": {
            "dev": "environments/environment.ts",
            "prod": "environments/environment.prod.ts"
        }
    }],
    "addons": [],
    "packages": [],
    "e2e": {
        "protractor": {
            "config": "./protractor.conf.js"
        }
    },
    "lint": [{
        "files": "src/**/*.ts",
        "project": "src/tsconfig.json"
    }, {
        "files": "e2e/**/*.ts",
        "project": "e2e/tsconfig.json"
    }],
    "test": {
        "karma": {
            "config": "./karma.conf.js"
        }
    },
    "defaults": {
        "styleExt": "scss",
        "prefixInterfaces": false,
        "inline": {
            "style": false,
            "template": false
        },
        "spec": {
            "class": false,
            "component": true,
            "directive": true,
            "module": false,
            "pipe": true,
            "service": true
        }
    }
}
