{
"total":20,
"items":[
    {"postId":"1","title":"如果你是新手，请务必先看完本项目的视频教程","postTime":"2017-05-17 10:44","userName":"大漠穷秋","userId":"1","readTimes":"10000","commentTimes":"10000","likedTimes":"5555","isfamous":"true"},
    {"postId":"2","title":"视频链接在项目的README文档里面","postTime":"2016-11-21 10:44","userName":"大漠穷秋","userId":"1","readTimes":"10000","commentTimes":"10000","likedTimes":"5555","isfamous":"false"},
    {"postId":"3","title":"只有看完视频教程，你才能完整理解Angular的核心特性和NiceFish这个项目的结构","postTime":"2016-11-21 10:44","userName":"大漠穷秋","userId":"1","readTimes":"10000","commentTimes":"10000","likedTimes":"5555","isfamous":"false"},
    {"postId":"4","title":"请在git.oschina.net上搜索NiceFish","postTime":"2016-11-21 10:44","userName":"大漠穷秋","userId":"1","readTimes":"10000","commentTimes":"10000","likedTimes":"5555","isfamous":"true"},
    {"postId":"5","title":"如果你想看到与Java服务端对接的代码，请检出nicefish-damo这个分支","postTime":"2016-11-21 10:44","userName":"大漠穷秋","userId":"1","readTimes":"10000","commentTimes":"10000","likedTimes":"5555","isfamous":"false"},
    {"postId":"6","title":"这玩意必须用严格的JSON格式，我也是醉了","postTime":"2016-11-21 10:44","userName":"大漠穷秋","userId":"1","readTimes":"10000","commentTimes":"10000","likedTimes":"5555","isfamous":"false"},
    {"postId":"7","title":"Key和Value都必须用双引号！","postTime":"2016-11-21 10:44","userName":"大漠穷秋","userId":"1","readTimes":"10000","commentTimes":"10000","likedTimes":"5555","isfamous":"false"},
    {"postId":"8","title":"这玩意必须用严格的JSON格式，我也是醉了","postTime":"2016-11-21 10:44","userName":"大漠穷秋","userId":"1","readTimes":"10000","commentTimes":"10000","likedTimes":"5555","isfamous":"false"},
    {"postId":"9","title":"Key和Value都必须用双引号！","postTime":"2016-11-21 10:44","userName":"大漠穷秋","userId":"1","readTimes":"10000","commentTimes":"10000","likedTimes":"5555","isfamous":"false"},
    {"postId":"10","title":"t666","postTime":"2016-11-21 10:44","userName":"大漠穷秋","userId":"1","readTimes":"10000","commentTimes":"10000","likedTimes":"5555","isfamous":"false"},
    {"postId":"11","title":"和上面的不一样啊。。。。","postTime":"2016-11-21 10:44","userName":"大漠穷秋","userId":"1","readTimes":"10000","commentTimes":"10000","likedTimes":"5555","isfamous":"false"}
]}