{
    "id":1,
    "author":"大漠穷秋",
    "postTime":"2016-12-12 12:12:12",
    "readTimes":999999,
    "commentTimes":99999,
    "title":"如果你是新手，请务必先看完本项目的视频教程",
    "text":"<p>视频链接在项目的README文档里面</p><p>视频链接在项目的README文档里面</p><p>视频链接在项目的README文档里面</p><p>视频链接在项目的README文档里面</p><p>视频链接在项目的README文档里面</p><p>视频链接在项目的README文档里面</p><p>视频链接在项目的README文档里面</p><p>视频链接在项目的README文档里面</p><p>视频链接在项目的README文档里面</p><p>视频链接在项目的README文档里面</p>"
}